Date,Open,High,Low,Close,Volume,Ex-Dividend,Split Ratio,Adj. Open,Adj. High,Adj. Low,Adj. Close,Adj. Volume,Ticker,Daily_Return
2018-03-27T00:00:00Z,173.68,175.15,166.92,168.34,38962839,0,1,173.68,175.15,166.92,168.34,38962839,AAPL,null
2018-03-26T00:00:00Z,168.07,173.1,166.44,172.77,36272617,0,1,168.07,173.1,166.44,172.77,36272617,AAPL,0.026315789
2018-03-23T00:00:00Z,168.39,169.92,164.94,164.94,40248954,0,1,168.39,169.92,164.94,164.94,40248954,AAPL,-0.045320368
2018-03-22T00:00:00Z,170,172.68,168.6,168.845,41051076,0,1,170,172.68,168.6,168.845,41051076,AAPL,0.023675276
2018-03-21T00:00:00Z,175.04,175.09,171.26,171.27,35247358,0,1,175.04,175.09,171.26,171.27,35247358,AAPL,0.014362285
2018-03-20T00:00:00Z,175.24,176.8,174.94,175.24,19314039,0,1,175.24,176.8,174.94,175.24,19314039,AAPL,0.023179775
2018-03-19T00:00:00Z,177.32,177.47,173.66,175.3,32804695,0,1,177.32,177.47,173.66,175.3,32804695,AAPL,0.000342388
2018-03-16T00:00:00Z,178.65,179.12,177.62,178.02,36836456,0,1,178.65,179.12,177.62,178.02,36836456,AAPL,0.015516258
2018-03-15T00:00:00Z,178.5,180.24,178.0701,178.65,22584565,0,1,178.5,180.24,178.0701,178.65,22584565,AAPL,0.003538928
2018-03-14T00:00:00Z,180.32,180.52,177.81,178.44,29075469,0,1,180.32,180.52,177.81,178.44,29075469,AAPL,-0.001175483
2018-03-13T00:00:00Z,182.59,183.5,179.24,179.97,31168404,0,1,182.59,183.5,179.24,179.97,31168404,AAPL,0.008574311
2018-03-12T00:00:00Z,180.29,182.39,180.21,181.72,32055405,0,1,180.29,182.39,180.21,181.72,32055405,AAPL,0.009723843
2018-03-09T00:00:00Z,177.96,180,177.39,179.98,31385134,0,1,177.96,180,177.39,179.98,31385134,AAPL,-0.009575171
2018-03-08T00:00:00Z,175.48,177.12,175.07,176.94,23163767,0,1,175.48,177.12,175.07,176.94,23163767,AAPL,-0.016890766
2018-03-07T00:00:00Z,174.94,175.85,174.27,175.03,31703462,0,1,174.94,175.85,174.27,175.03,31703462,AAPL,-0.01079462
2018-03-06T00:00:00Z,177.91,178.25,176.13,176.67,23788506,0,1,177.91,178.25,176.13,176.67,23788506,AAPL,0.009369822
2018-03-05T00:00:00Z,175.21,177.74,174.52,176.82,28401366,0,1,175.21,177.74,174.52,176.82,28401366,AAPL,0.000849041
2018-03-02T00:00:00Z,172.8,176.3,172.45,176.21,38453950,0,1,172.8,176.3,172.45,176.21,38453950,AAPL,-0.003449836
2018-03-01T00:00:00Z,178.54,179.775,172.66,175,48801970,0,1,178.54,179.775,172.66,175,48801970,AAPL,-0.006866807
2018-02-28T00:00:00Z,179.26,180.615,178.05,178.12,33604574,0,1,179.26,180.615,178.05,178.12,33604574,AAPL,0.017828571
2018-02-27T00:00:00Z,179.1,180.48,178.16,178.39,38685165,0,1,179.1,180.48,178.16,178.39,38685165,AAPL,0.001515832
2018-02-26T00:00:00Z,176.35,179.39,176.21,178.97,36886432,0,1,176.35,179.39,176.21,178.97,36886432,AAPL,0.003251303
2018-02-23T00:00:00Z,173.67,175.65,173.54,175.555,33329232,0,1,173.67,175.65,173.54,175.555,33329232,AAPL,-0.01908141
2018-02-22T00:00:00Z,171.8,173.95,171.71,172.6,30504116,0,1,171.8,173.95,171.71,172.6,30504116,AAPL,-0.016832332
2018-02-21T00:00:00Z,172.83,174.12,171.01,171.07,35833514,0,1,172.83,174.12,171.01,171.07,35833514,AAPL,-0.008864426
2018-02-20T00:00:00Z,172.05,174.26,171.42,171.85,33531012,0,1,172.05,174.26,171.42,171.85,33531012,AAPL,0.004559537
2018-02-16T00:00:00Z,172.36,174.82,171.77,172.43,39638793,0,1,172.36,174.82,171.77,172.43,39638793,AAPL,0.003375036
2018-02-15T00:00:00Z,169.79,173.09,169,172.99,50609595,0,1,169.79,173.09,169,172.99,50609595,AAPL,0.003247695
2018-02-14T00:00:00Z,163.045,167.54,162.88,167.37,39669178,0,1,163.045,167.54,162.88,167.37,39669178,AAPL,-0.032487427
2018-02-13T00:00:00Z,161.95,164.75,161.65,164.34,32104756,0,1,161.95,164.75,161.65,164.34,32104756,AAPL,-0.018103603
2018-02-12T00:00:00Z,158.5,163.89,157.51,162.71,60560145,0,1,158.5,163.89,157.51,162.71,60560145,AAPL,-0.009918462
2018-02-09T00:00:00Z,157.07,157.89,150.24,155.97,66723743,0,1,157.07,157.89,150.24,155.97,66723743,AAPL,-0.041423391
2018-02-08T00:00:00Z,160.29,161,155.03,155.32,49594129,0,1,160.29,161,155.03,155.32,49594129,AAPL,-0.004167468
2018-02-07T00:00:00Z,163.085,163.4,159.0685,159.54,50852130,0,1,163.085,163.4,159.0685,159.54,50852130,AAPL,0.027169714
2018-02-06T00:00:00Z,154.83,163.72,154,163.03,66625484,0,1,154.83,163.72,154,163.03,66625484,AAPL,0.021875392
2018-02-05T00:00:00Z,159.1,163.88,156,157.49,66090446,0,1,159.1,163.88,156,157.49,66090446,AAPL,-0.033981476
2018-02-02T00:00:00Z,166,166.8,160.1,160.37,85436075,0,1,166,166.8,160.1,160.37,85436075,AAPL,0.018286875
2018-02-01T00:00:00Z,167.165,168.62,166.76,167.78,38099665,0,1,167.165,168.62,166.76,167.78,38099665,AAPL,0.046205649
2018-01-31T00:00:00Z,166.87,168.4417,166.5,167.43,30984099,0,1,166.87,168.4417,166.5,167.43,30984099,AAPL,-0.002086065
2018-01-30T00:00:00Z,165.525,167.37,164.7,166.97,45137026,0,1,165.525,167.37,164.7,166.97,45137026,AAPL,-0.002747417
2018-01-29T00:00:00Z,170.16,170.16,167.07,167.96,48434424,0,1,170.16,170.16,167.07,167.96,48434424,AAPL,0.005929209
2018-01-26T00:00:00Z,172,172,170.06,171.51,37121805,0,1,172,172,170.06,171.51,37121805,AAPL,0.021135985
2018-01-25T00:00:00Z,174.505,174.95,170.53,171.11,39661804,0,1,174.505,174.95,170.53,171.11,39661804,AAPL,-0.002332226
2018-01-24T00:00:00Z,177.25,177.3,173.2,174.22,50562257,0,1,177.25,177.3,173.2,174.22,50562257,AAPL,0.018175443
2018-01-23T00:00:00Z,177.3,179.44,176.82,177.04,31702531,0,1,177.3,179.44,176.82,177.04,31702531,AAPL,0.016186431
2018-01-22T00:00:00Z,177.3,177.78,176.6016,177,26023683,0,1,177.3,177.78,176.6016,177,26023683,AAPL,-0.000225938
2018-01-19T00:00:00Z,178.61,179.58,177.41,178.46,30827809,0,1,178.61,179.58,177.41,178.46,30827809,AAPL,0.008248588
2018-01-18T00:00:00Z,179.37,180.1,178.25,179.26,30234512,0,1,179.37,180.1,178.25,179.26,30234512,AAPL,0.004482797
2018-01-17T00:00:00Z,176.15,179.25,175.07,179.1,32752734,0,1,176.15,179.25,175.07,179.1,32752734,AAPL,-0.000892558
2018-01-16T00:00:00Z,177.9,179.39,176.14,176.19,29159005,0,1,177.9,179.39,176.14,176.19,29159005,AAPL,-0.016247906
2018-01-12T00:00:00Z,176.18,177.36,175.65,177.09,25039531,0,1,176.18,177.36,175.65,177.09,25039531,AAPL,0.005108122
2018-01-11T00:00:00Z,174.59,175.4886,174.49,175.28,17523256,0,1,174.59,175.4886,174.49,175.28,17523256,AAPL,-0.010220792
2018-01-10T00:00:00Z,173.16,174.3,173,174.29,23589129,0,1,173.16,174.3,173,174.29,23589129,AAPL,-0.005648106
2018-01-09T00:00:00Z,174.55,175.06,173.41,174.33,21262614,0,1,174.55,175.06,173.41,174.33,21262614,AAPL,0.000229503
2018-01-08T00:00:00Z,174.35,175.61,173.93,174.35,20134092,0,1,174.35,175.61,173.93,174.35,20134092,AAPL,0.000114725
2018-01-05T00:00:00Z,173.44,175.37,173.05,175,23016177,0,1,173.44,175.37,173.05,175,23016177,AAPL,0.003728133
2018-01-04T00:00:00Z,172.54,173.47,172.08,173.03,22211345,0,1,172.54,173.47,172.08,173.03,22211345,AAPL,-0.011257143
2018-01-03T00:00:00Z,172.53,174.55,171.96,172.23,28819653,0,1,172.53,174.55,171.96,172.23,28819653,AAPL,-0.004623476
2018-01-02T00:00:00Z,170.16,172.3,169.26,172.26,25048048,0,1,170.16,172.3,169.26,172.26,25048048,AAPL,0.000174186
2017-12-29T00:00:00Z,170.52,170.59,169.22,169.23,25643711,0,1,170.52,170.59,169.22,169.23,25643711,AAPL,-0.01758969
2017-12-28T00:00:00Z,171,171.85,170.48,171.08,15997739,0,1,171,171.85,170.48,171.08,15997739,AAPL,0.010931868
2017-12-27T00:00:00Z,170.1,170.78,169.71,170.6,21672062,0,1,170.1,170.78,169.71,170.6,21672062,AAPL,-0.002805705
2017-12-26T00:00:00Z,170.8,171.47,169.679,170.57,32968167,0,1,170.8,171.47,169.679,170.57,32968167,AAPL,-0.00017585
2017-12-22T00:00:00Z,174.68,175.424,174.5,175.01,16052615,0,1,174.68,175.424,174.5,175.01,16052615,AAPL,0.026030369
2017-12-21T00:00:00Z,174.17,176.02,174.1,175.01,20356826,0,1,174.17,176.02,174.1,175.01,20356826,AAPL,0
2017-12-20T00:00:00Z,174.87,175.42,173.25,174.35,23000392,0,1,174.87,175.42,173.25,174.35,23000392,AAPL,-0.003771213
2017-12-19T00:00:00Z,175.03,175.39,174.09,174.54,27078872,0,1,175.03,175.39,174.09,174.54,27078872,AAPL,0.001089762
2017-12-18T00:00:00Z,174.88,177.2,174.86,176.42,28831533,0,1,174.88,177.2,174.86,176.42,28831533,AAPL,0.01077117
2017-12-15T00:00:00Z,173.63,174.17,172.46,173.87,37054632,0,1,173.63,174.17,172.46,173.87,37054632,AAPL,-0.014454144
2017-12-14T00:00:00Z,172.4,173.13,171.65,172.22,20219307,0,1,172.4,173.13,171.65,172.22,20219307,AAPL,-0.009489849
2017-12-13T00:00:00Z,172.5,173.54,172,172.27,23142242,0,1,172.5,173.54,172,172.27,23142242,AAPL,0.000290326
2017-12-12T00:00:00Z,172.15,172.39,171.461,171.7,18945457,0,1,172.15,172.39,171.461,171.7,18945457,AAPL,-0.00330876
2017-12-11T00:00:00Z,169.2,172.89,168.79,172.67,33092051,0,1,169.2,172.89,168.79,172.67,33092051,AAPL,0.005649388
2017-12-08T00:00:00Z,170.49,171,168.82,169.37,23096872,0,1,170.49,171,168.82,169.37,23096872,AAPL,-0.0191116
2017-12-07T00:00:00Z,169.03,170.44,168.91,169.452,24469613,0,1,169.03,170.44,168.91,169.452,24469613,AAPL,0.000484147
2017-12-06T00:00:00Z,167.5,170.2047,166.46,169.01,28224357,0,1,167.5,170.2047,166.46,169.01,28224357,AAPL,-0.002608408
2017-12-05T00:00:00Z,169.06,171.52,168.4,169.64,27008428,0,1,169.06,171.52,168.4,169.64,27008428,AAPL,0.00372759
2017-12-04T00:00:00Z,172.48,172.62,169.63,169.8,32115052,0,1,172.48,172.62,169.63,169.8,32115052,AAPL,0.000943174
2017-12-01T00:00:00Z,169.95,171.67,168.5,171.05,39590080,0,1,169.95,171.67,168.5,171.05,39590080,AAPL,0.007361602
2017-11-30T00:00:00Z,170.43,172.14,168.44,171.85,40172368,0,1,170.43,172.14,168.44,171.85,40172368,AAPL,0.004676995
2017-11-29T00:00:00Z,172.63,172.92,167.16,169.48,40788324,0,1,172.63,172.92,167.16,169.48,40788324,AAPL,-0.013791097
2017-11-28T00:00:00Z,174.3,174.87,171.86,173.07,25468442,0,1,174.3,174.87,171.86,173.07,25468442,AAPL,0.02118244
2017-11-27T00:00:00Z,175.05,175.08,173.34,174.09,20536313,0,1,175.05,175.08,173.34,174.09,20536313,AAPL,0.005893569
2017-11-24T00:00:00Z,175.1,175.5,174.6459,174.97,14026519,0,1,175.1,175.5,174.6459,174.97,14026519,AAPL,0.005054857
2017-11-22T00:00:00Z,173.36,175,173.05,174.96,24997274,0,1,173.36,175,173.05,174.96,24997274,AAPL,-5.71527E-05
2017-11-21T00:00:00Z,170.78,173.7,170.78,173.14,24875471,0,1,170.78,173.7,170.78,173.14,24875471,AAPL,-0.010402378
2017-11-20T00:00:00Z,170.29,170.56,169.56,169.98,15974387,0,1,170.29,170.56,169.56,169.98,15974387,AAPL,-0.018251126
2017-11-17T00:00:00Z,171.04,171.39,169.64,170.15,21665811,0,1,171.04,171.39,169.64,170.15,21665811,AAPL,0.001000118
2017-11-16T00:00:00Z,171.18,171.87,170.3,171.1,23497326,0,1,171.18,171.87,170.3,171.1,23497326,AAPL,0.005583309
2017-11-15T00:00:00Z,169.97,170.3197,168.38,169.08,28702351,0,1,169.97,170.3197,168.38,169.08,28702351,AAPL,-0.011805961
2017-11-14T00:00:00Z,173.04,173.48,171.18,171.34,23588451,0,1,173.04,173.48,171.18,171.34,23588451,AAPL,0.013366454
2017-11-13T00:00:00Z,173.5,174.5,173.4,173.97,16828025,0,1,173.5,174.5,173.4,173.97,16828025,AAPL,0.015349597
2017-11-10T00:00:00Z,175.11,175.38,174.27,174.67,25061183,0,1,175.11,175.38,174.27,174.67,25061183,AAPL,0.004023682
2017-11-09T00:00:00Z,175.11,176.095,173.14,175.88,28636531,0,1,175.11,176.095,173.14,175.88,28636531,AAPL,0.006927349
2017-11-07T00:00:00Z,173.91,175.25,173.6,174.81,23910914,0,1,173.91,175.25,173.6,174.81,23910914,AAPL,-0.006083693
2017-11-06T00:00:00Z,172.365,174.99,171.72,174.25,34242566,0,1,172.365,174.99,171.72,174.25,34242566,AAPL,-0.003203478
2017-11-03T00:00:00Z,174,174.26,171.12,172.5,58683826,0,1,174,174.26,171.12,172.5,58683826,AAPL,-0.010043042
2017-11-02T00:00:00Z,167.64,168.5,165.28,168.11,32710040,0,1,167.64,168.5,165.28,168.11,32710040,AAPL,-0.025449275
2017-11-01T00:00:00Z,169.87,169.94,165.61,166.89,33100847,0,1,169.87,169.94,165.61,166.89,33100847,AAPL,-0.007257153
2017-10-31T00:00:00Z,167.9,169.6499,166.94,169.04,35474672,0,1,167.9,169.6499,166.94,169.04,35474672,AAPL,0.012882737
2018-03-27T00:00:00Z,94.94,95.139,88.51,89.47,53704562,0,1,94.94,95.139,88.51,89.47,53704562,MSFT,null
2018-03-26T00:00:00Z,90.61,94,90.4,93.78,55031149,0,1,90.61,94,90.4,93.78,55031149,MSFT,0.048172572
2018-03-23T00:00:00Z,89.5,90.46,87.08,87.18,42159397,0,1,89.5,90.46,87.08,87.18,42159397,MSFT,-0.070377479
2018-03-22T00:00:00Z,91.265,91.75,89.66,89.79,37578166,0,1,91.265,91.75,89.66,89.79,37578166,MSFT,0.029938059
2018-03-21T00:00:00Z,92.93,94.05,92.21,92.48,23753263,0,1,92.93,94.05,92.21,92.48,23753263,MSFT,0.029958793
2018-03-20T00:00:00Z,93.05,93.77,93,93.13,21787780,0,1,93.05,93.77,93,93.13,21787780,MSFT,0.007028547
2018-03-19T00:00:00Z,93.74,93.9,92.11,92.89,31752589,0,1,93.74,93.9,92.11,92.89,31752589,MSFT,-0.002577043
2018-03-16T00:00:00Z,94.68,95.38,93.92,94.6,47329521,0,1,94.68,95.38,93.92,94.6,47329521,MSFT,0.018408871
2018-03-15T00:00:00Z,93.53,94.58,92.83,94.18,26279014,0,1,93.53,94.58,92.83,94.18,26279014,MSFT,-0.004439746
2018-03-14T00:00:00Z,95.12,95.41,93.5,93.85,31576898,0,1,95.12,95.41,93.5,93.85,31576898,MSFT,-0.003503929
2018-03-13T00:00:00Z,97,97.24,93.97,94.41,34445391,0,1,97,97.24,93.97,94.41,34445391,MSFT,0.005966969
2018-03-12T00:00:00Z,96.5,97.21,96.04,96.77,25333720,0,1,96.5,97.21,96.04,96.77,25333720,MSFT,0.024997352
2018-03-09T00:00:00Z,95.29,96.54,95,96.54,36145524,0,1,95.29,96.54,95,96.54,36145524,MSFT,-0.00237677
2018-03-08T00:00:00Z,94.27,95.1,93.765,94.43,24861307,0,1,94.27,95.1,93.765,94.43,24861307,MSFT,-0.021856225
2018-03-07T00:00:00Z,93.16,93.9406,92.43,93.86,26716127,0,1,93.16,93.9406,92.43,93.86,26716127,MSFT,-0.006036217
2018-03-06T00:00:00Z,94.34,94.49,92.941,93.32,22175776,0,1,94.34,94.49,92.941,93.32,22175776,MSFT,-0.00575325
2018-03-05T00:00:00Z,92.34,94.27,92.26,93.64,23901578,0,1,92.34,94.27,92.26,93.64,23901578,MSFT,0.003429061
2018-03-02T00:00:00Z,91.58,93.15,90.86,93.05,32830389,0,1,91.58,93.15,90.86,93.05,32830389,MSFT,-0.006300726
2018-03-01T00:00:00Z,93.99,94.57,91.84,92.85,37135561,0,1,93.99,94.57,91.84,92.85,37135561,MSFT,-0.002149382
2018-02-28T00:00:00Z,94.84,95.705,93.63,93.77,29314525,0,1,94.84,95.705,93.63,93.77,29314525,MSFT,0.009908454
2018-02-27T00:00:00Z,95.74,95.84,94.2,94.2,25540755,0,1,95.74,95.84,94.2,94.2,25540755,MSFT,0.004585688
2018-02-26T00:00:00Z,94.4,95.45,94.25,95.42,29760276,0,1,94.4,95.45,94.25,95.42,29760276,MSFT,0.012951168
2018-02-23T00:00:00Z,92.75,94.07,92.36,94.06,25779955,0,1,92.75,94.07,92.36,94.06,25779955,MSFT,-0.014252777
2018-02-22T00:00:00Z,92.05,92.73,91.36,91.74,22723756,0,1,92.05,92.73,91.36,91.74,22723756,MSFT,-0.024665107
2018-02-21T00:00:00Z,92.98,93.3595,91.49,91.49,26081953,0,1,92.98,93.3595,91.49,91.49,26081953,MSFT,-0.002725093
2018-02-20T00:00:00Z,91.475,93.06,91.01,92.72,30107057,0,1,91.475,93.06,91.01,92.72,30107057,MSFT,0.013444092
2018-02-16T00:00:00Z,92.45,93.5,91.8,92,30188535,0,1,92.45,93.5,91.8,92,30188535,MSFT,-0.007765315
2018-02-15T00:00:00Z,91.21,92.72,90.62,92.66,27407914,0,1,91.21,92.72,90.62,92.66,27407914,MSFT,0.007173913
2018-02-14T00:00:00Z,88.51,90.99,88.41,90.81,34314101,0,1,88.51,90.99,88.41,90.81,34314101,MSFT,-0.019965465
2018-02-13T00:00:00Z,88.93,90,87.8,89.83,26200053,0,1,88.93,90,87.8,89.83,26200053,MSFT,-0.010791763
2018-02-12T00:00:00Z,88.735,89.78,87.9295,89.13,35501368,0,1,88.735,89.78,87.9295,89.13,35501368,MSFT,-0.007792497
2018-02-09T00:00:00Z,86.3,88.93,83.83,88.1,57408480,0,1,86.3,88.93,83.83,88.1,57408480,MSFT,-0.011556154
2018-02-08T00:00:00Z,89.71,89.875,84.76,84.89,47485202,0,1,89.71,89.875,84.76,84.89,47485202,MSFT,-0.036435868
2018-02-07T00:00:00Z,90.49,91.77,89.2,89.61,40340551,0,1,90.49,91.77,89.2,89.61,40340551,MSFT,0.055601366
2018-02-06T00:00:00Z,86.89,91.475,85.25,91.33,66157030,0,1,86.89,91.475,85.25,91.33,66157030,MSFT,0.019194286
2018-02-05T00:00:00Z,90.56,93.24,88.08,89.05,42253469,0,1,90.56,93.24,88.08,89.05,42253469,MSFT,-0.024964415
2018-02-02T00:00:00Z,93.64,93.97,91.5,91.78,47076959,0,1,93.64,93.97,91.5,91.78,47076959,MSFT,0.030656934
2018-02-01T00:00:00Z,94.79,96.07,93.5813,94.26,46645657,0,1,94.79,96.07,93.5813,94.26,46645657,MSFT,0.027021138
2018-01-31T00:00:00Z,93.75,95.4,93.51,95.01,44284284,0,1,93.75,95.4,93.51,95.01,44284284,MSFT,0.007956715
2018-01-30T00:00:00Z,93.3,93.66,92.1,92.74,34153798,0,1,93.3,93.66,92.1,92.74,34153798,MSFT,-0.023892222
2018-01-29T00:00:00Z,95.14,95.45,93.72,93.92,30409620,0,1,95.14,95.45,93.72,93.92,30409620,MSFT,0.012723744
2018-01-26T00:00:00Z,93.12,94.06,92.58,94.06,26348999,0,1,93.12,94.06,92.58,94.06,26348999,MSFT,0.00149063
2018-01-25T00:00:00Z,92.465,93.24,91.93,92.33,23983094,0,1,92.465,93.24,91.93,92.33,23983094,MSFT,-0.018392515
2018-01-24T00:00:00Z,92.55,93.43,91.58,91.82,32107765,0,1,92.55,93.43,91.58,91.82,32107765,MSFT,-0.005523665
2018-01-23T00:00:00Z,91.9,92.3,91.54,91.9,22283365,0,1,91.9,92.3,91.54,91.9,22283365,MSFT,0.00087127
2018-01-22T00:00:00Z,90,91.62,89.74,91.61,23190700,0,1,90,91.62,89.74,91.61,23190700,MSFT,-0.003155604
2018-01-19T00:00:00Z,90.14,90.61,89.66,90,34896964,0,1,90.14,90.61,89.66,90,34896964,MSFT,-0.017574501
2018-01-18T00:00:00Z,89.8,90.67,89.66,90.1,22931303,0,1,89.8,90.67,89.66,90.1,22931303,MSFT,0.001111111
2018-01-17T00:00:00Z,89.08,90.28,88.75,90.14,24659472,0,1,89.08,90.28,88.75,90.14,24659472,MSFT,0.000443951
2018-01-16T00:00:00Z,90.1,90.79,88.0104,88.35,35945428,0,1,90.1,90.79,88.0104,88.35,35945428,MSFT,-0.019857999
2018-01-12T00:00:00Z,88.67,89.78,88.45,89.58,24000439,0,1,88.67,89.78,88.45,89.58,24000439,MSFT,0.013921902
2018-01-11T00:00:00Z,88.13,88.13,87.24,88.08,16529868,0,1,88.13,88.13,87.24,88.08,16529868,MSFT,-0.016744809
2018-01-10T00:00:00Z,87.86,88.19,87.41,87.82,18129153,0,1,87.86,88.19,87.41,87.82,18129153,MSFT,-0.002951862
2018-01-09T00:00:00Z,88.65,88.7272,87.86,88.22,19390427,0,1,88.65,88.7272,87.86,88.22,19390427,MSFT,0.004554771
2018-01-08T00:00:00Z,88.2,88.58,87.6046,88.28,20293930,0,1,88.2,88.58,87.6046,88.28,20293930,MSFT,0.000680118
2018-01-05T00:00:00Z,87.66,88.41,87.43,88.19,22526563,0,1,87.66,88.41,87.43,88.19,22526563,MSFT,-0.001019483
2018-01-04T00:00:00Z,86.59,87.66,86.57,87.11,21145985,0,1,86.59,87.66,86.57,87.11,21145985,MSFT,-0.012246286
2018-01-03T00:00:00Z,86.055,86.51,85.97,86.35,24173064,0,1,86.055,86.51,85.97,86.35,24173064,MSFT,-0.008724601
2018-01-02T00:00:00Z,86.125,86.31,85.5,85.95,21993101,0,1,86.125,86.31,85.5,85.95,21993101,MSFT,-0.00463231
2017-12-29T00:00:00Z,85.63,86.05,85.5,85.54,18162779,0,1,85.63,86.05,85.5,85.54,18162779,MSFT,-0.004770215
2017-12-28T00:00:00Z,85.9,85.93,85.55,85.72,9872795,0,1,85.9,85.93,85.55,85.72,9872795,MSFT,0.002104279
2017-12-27T00:00:00Z,85.65,85.98,85.215,85.71,13000828,0,1,85.65,85.98,85.215,85.71,13000828,MSFT,-0.000116659
2017-12-26T00:00:00Z,85.31,85.5346,85.03,85.4,9737412,0,1,85.31,85.5346,85.03,85.4,9737412,MSFT,-0.003616848
2017-12-22T00:00:00Z,85.4,85.63,84.92,85.51,14033977,0,1,85.4,85.63,84.92,85.51,14033977,MSFT,0.001288056
2017-12-21T00:00:00Z,86.05,86.1,85.4,85.5,16638402,0,1,86.05,86.1,85.4,85.5,16638402,MSFT,-0.000116945
2017-12-20T00:00:00Z,86.2,86.3,84.71,85.52,23425009,0,1,86.2,86.3,84.71,85.52,23425009,MSFT,0.000233918
2017-12-19T00:00:00Z,86.35,86.35,85.27,85.83,23241979,0,1,86.35,86.35,85.27,85.83,23241979,MSFT,0.003624883
2017-12-18T00:00:00Z,87.12,87.4999,86.23,86.38,21551076,0,1,87.12,87.4999,86.23,86.38,21551076,MSFT,0.006408016
2017-12-15T00:00:00Z,85.26,87.09,84.88,86.85,52430167,0,1,85.26,87.09,84.88,86.85,52430167,MSFT,0.005441074
2017-12-14T00:00:00Z,85.43,85.8739,84.53,84.69,19080106,0,1,85.43,85.8739,84.53,84.69,19080106,MSFT,-0.024870466
2017-12-13T00:00:00Z,85.74,86,85.17,85.35,21307911,0,1,85.74,86,85.17,85.35,21307911,MSFT,0.007793128
2017-12-12T00:00:00Z,85.31,86.05,85.08,85.58,23534946,0,1,85.31,86.05,85.08,85.58,23534946,MSFT,0.002694786
2017-12-11T00:00:00Z,84.29,85.37,84.12,85.23,19909119,0,1,84.29,85.37,84.12,85.23,19909119,MSFT,-0.004089741
2017-12-08T00:00:00Z,83.63,84.58,83.33,84.16,23825056,0,1,83.63,84.58,83.33,84.16,23825056,MSFT,-0.012554265
2017-12-07T00:00:00Z,82.54,82.8,82,82.49,20378114,0,1,82.54,82.8,82,82.49,20378114,MSFT,-0.019843156
2017-12-06T00:00:00Z,81.55,83.14,81.43,82.78,24821403,0,1,81.55,83.14,81.43,82.78,24821403,MSFT,0.003515578
2017-12-05T00:00:00Z,81.34,82.68,80.9801,81.59,25512120,0,1,81.34,82.68,80.9801,81.59,25512120,MSFT,-0.014375453
2017-12-04T00:00:00Z,84.42,84.4299,80.7,81.08,37977732,0,1,84.42,84.4299,80.7,81.08,37977732,MSFT,-0.006250766
2017-12-01T00:00:00Z,83.6,84.81,83.22,84.26,29113662,0,1,83.6,84.81,83.22,84.26,29113662,MSFT,0.039220523
2017-11-30T00:00:00Z,83.51,84.52,83.34,84.17,32074914,0,1,83.51,84.52,83.34,84.17,32074914,MSFT,-0.001068122
2017-11-29T00:00:00Z,84.71,84.9172,83.175,83.34,26401761,0,1,84.71,84.9172,83.175,83.34,26401761,MSFT,-0.009860996
2017-11-28T00:00:00Z,84.07,85.06,84.02,84.88,21162639,0,1,84.07,85.06,84.02,84.88,21162639,MSFT,0.018478522
2017-11-27T00:00:00Z,83.31,83.98,83.3,83.87,17603760,0,1,83.31,83.98,83.3,83.87,17603760,MSFT,-0.011899152
2017-11-24T00:00:00Z,83.01,83.43,82.78,83.26,7425503,0,1,83.01,83.43,82.78,83.26,7425503,MSFT,-0.007273161
2017-11-22T00:00:00Z,83.83,83.9,83.04,83.11,20213704,0,1,83.83,83.9,83.04,83.11,20213704,MSFT,-0.001801585
2017-11-21T00:00:00Z,82.74,83.84,82.74,83.72,21033981,0,1,82.74,83.84,82.74,83.72,21033981,MSFT,0.00733967
2017-11-20T00:00:00Z,82.4,82.59,82.25,82.53,16072495,0,1,82.4,82.59,82.25,82.53,16072495,MSFT,-0.014214047
2017-11-17T00:00:00Z,83.12,83.12,82.24,82.4,21715498,0,1,83.12,83.12,82.24,82.4,21715498,MSFT,-0.001575185
2017-11-16T00:00:00Z,83.1,83.42,82.94,83.2,20659209,0,1,83.1,83.42,82.94,83.2,20659209,MSFT,0.009708738
2017-11-15T00:00:00Z,83.47,83.69,82.69,82.98,19097333,0.42,1,83.47,83.69,82.69,82.98,19097333,MSFT,-0.002644231
2017-11-14T00:00:00Z,83.5,84.1,82.98,84.05,18604034,0,1,83.0794964,83.67647482,82.56211511,83.62672662,18604034,MSFT,0.012894673
2017-11-13T00:00:00Z,83.66,83.94,83.46,83.93,14080820,0,1,83.23869065,83.51728058,83.03969784,83.50733094,14080820,MSFT,-0.001427722
2017-11-10T00:00:00Z,83.79,84.095,83.23,83.87,19340435,0,1,83.36803597,83.6715,82.81085612,83.44763309,19340435,MSFT,-0.000714881
2017-11-09T00:00:00Z,84.11,84.27,82.9,84.09,20924172,0,1,83.68642446,83.84561871,82.48251799,83.66652518,20924172,MSFT,0.002623107
2017-11-07T00:00:00Z,84.77,84.9,83.93,84.27,17152583,0,1,84.34310072,84.47244604,83.50733094,83.84561871,17152583,MSFT,0.002140564
2017-11-06T00:00:00Z,84.2,84.7,84.0825,84.47,19039847,0,1,83.77597122,84.27345324,83.65906295,84.04461151,19039847,MSFT,0.002373324
2017-11-03T00:00:00Z,84.08,84.54,83.4,84.14,17569120,0,1,83.65657554,84.11425899,82.98,83.71627338,17569120,MSFT,-0.003906712
2017-11-02T00:00:00Z,83.35,84.46,83.12,84.05,23822964,0,1,82.9302518,84.03466187,82.70141007,83.62672662,23822964,MSFT,-0.001069646
2017-11-01T00:00:00Z,83.68,83.76,82.88,83.18,22039635,0,1,83.25858993,83.33818705,82.46261871,82.76110791,22039635,MSFT,-0.010350982
2017-10-31T00:00:00Z,84.36,84.36,83.11,83.18,26728947,0,1,83.93516547,83.93516547,82.69146043,82.76110791,26728947,MSFT,0
2018-03-27T00:00:00Z,1063.9,1064.54,997.62,1006.94,2940957,0,1,1063.9,1064.54,997.62,1006.94,2940957,GOOGL,null
2018-03-26T00:00:00Z,1050.6,1059.27,1010.58,1054.09,3272409,0,1,1050.6,1059.27,1010.58,1054.09,3272409,GOOGL,0.046825034
2018-03-23T00:00:00Z,1051.37,1066.78,1024.87,1026.55,2413517,0,1,1051.37,1066.78,1024.87,1026.55,2413517,GOOGL,-0.026126801
2018-03-22T00:00:00Z,1080.01,1083.92,1049.64,1053.15,3418154,0,1,1080.01,1083.92,1049.64,1053.15,3418154,GOOGL,0.025912035
2018-03-21T00:00:00Z,1092.57,1108.7,1087.21,1094,1990515,0,1,1092.57,1108.7,1087.21,1094,1990515,GOOGL,0.038788397
2018-03-20T00:00:00Z,1098.4,1105.55,1082.42,1095.8,2709310,0,1,1098.4,1105.55,1082.42,1095.8,2709310,GOOGL,0.001645338
2018-03-19T00:00:00Z,1117.76,1119.37,1088.92,1100.07,3076349,0,1,1117.76,1119.37,1088.92,1100.07,3076349,GOOGL,0.003896696
2018-03-16T00:00:00Z,1155.35,1156.81,1131.36,1134.42,2654602,0,1,1155.35,1156.81,1131.36,1134.42,2654602,GOOGL,0.031225286
2018-03-15T00:00:00Z,1149.57,1162.5,1135.66,1150.61,1623868,0,1,1149.57,1162.5,1135.66,1150.61,1623868,GOOGL,0.01427161
2018-03-14T00:00:00Z,1145.8,1159.76,1142.35,1148.89,2033697,0,1,1145.8,1159.76,1142.35,1148.89,2033697,GOOGL,-0.001494859
2018-03-13T00:00:00Z,1171.83,1178,1134.57,1139.91,2129435,0,1,1171.83,1178,1134.57,1139.91,2129435,GOOGL,-0.00781624
2018-03-12T00:00:00Z,1165.05,1178.16,1159.2,1165.93,2129297,0,1,1165.05,1178.16,1159.2,1165.93,2129297,GOOGL,0.022826363
2018-03-09T00:00:00Z,1139.5,1161,1134.29,1160.84,2070174,0,1,1139.5,1161,1134.29,1160.84,2070174,GOOGL,-0.004365614
2018-03-08T00:00:00Z,1117.2,1131.44,1117.2,1129.38,1510478,0,1,1117.2,1131.44,1117.2,1129.38,1510478,GOOGL,-0.027101065
2018-03-07T00:00:00Z,1092.82,1116.2,1089.91,1115.04,1537429,0,1,1092.82,1116.2,1089.91,1115.04,1537429,GOOGL,-0.012697232
2018-03-06T00:00:00Z,1102.1,1105.63,1094.5,1100.9,1169068,0,1,1102.1,1105.63,1094.5,1100.9,1169068,GOOGL,-0.012681159
2018-03-05T00:00:00Z,1078.13,1101.18,1072.27,1094.76,1432369,0,1,1078.13,1101.18,1072.27,1094.76,1432369,GOOGL,-0.005577255
2018-03-02T00:00:00Z,1057.98,1086.89,1050.11,1084.14,2508145,0,1,1057.98,1086.89,1050.11,1084.14,2508145,GOOGL,-0.009700756
2018-03-01T00:00:00Z,1109.54,1111.27,1067.29,1071.41,2766856,0,1,1109.54,1111.27,1067.29,1071.41,2766856,GOOGL,-0.011742026
2018-02-28T00:00:00Z,1122,1127.65,1103,1103.92,2431023,0,1,1122,1127.65,1103,1103.92,2431023,GOOGL,0.030343193
2018-02-27T00:00:00Z,1143.7,1144.25,1116.79,1117.51,2094863,0,1,1143.7,1144.25,1116.79,1117.51,2094863,GOOGL,0.012310675
2018-02-26T00:00:00Z,1131.86,1144.2,1129.34,1143.7,1489118,0,1,1131.86,1144.2,1129.34,1143.7,1489118,GOOGL,0.023436032
2018-02-23T00:00:00Z,1118.66,1129,1108.44,1128.09,1234539,0,1,1118.66,1129,1108.44,1128.09,1234539,GOOGL,-0.013648684
2018-02-22T00:00:00Z,1119.17,1125.46,1105.15,1109.9,1386115,0,1,1119.17,1125.46,1105.15,1109.9,1386115,GOOGL,-0.0161246
2018-02-21T00:00:00Z,1109.1,1136.2,1107.51,1113.75,2024534,0,1,1109.1,1136.2,1107.51,1113.75,2024534,GOOGL,0.003468781
2018-02-20T00:00:00Z,1092.76,1116.29,1090,1103.59,1646405,0,1,1092.76,1116.29,1090,1103.59,1646405,GOOGL,-0.009122334
2018-02-16T00:00:00Z,1093.38,1108.31,1091.55,1095.5,1971928,0,1,1093.38,1108.31,1091.55,1095.5,1971928,GOOGL,-0.007330621
2018-02-15T00:00:00Z,1083.45,1094.1,1067.23,1091.36,1806206,0,1,1083.45,1094.1,1067.23,1091.36,1806206,GOOGL,-0.003779096
2018-02-14T00:00:00Z,1054.32,1075.47,1049.8,1072.7,2029979,0,1,1054.32,1075.47,1049.8,1072.7,2029979,GOOGL,-0.017097933
2018-02-13T00:00:00Z,1050,1061.22,1046.92,1054.14,1574121,0,1,1050,1061.22,1046.92,1054.14,1574121,GOOGL,-0.017302135
2018-02-12T00:00:00Z,1056.67,1065.57,1045.49,1054.56,2796258,0,1,1056.67,1065.57,1045.49,1054.56,2796258,GOOGL,0.000398429
2018-02-09T00:00:00Z,1025.88,1051.72,997,1043.43,4436032,0,1,1025.88,1051.72,997,1043.43,4436032,GOOGL,-0.010554165
2018-02-08T00:00:00Z,1059.87,1063.93,1005.12,1005.6,3067173,0,1,1059.87,1063.93,1005.12,1005.6,3067173,GOOGL,-0.036255427
2018-02-07T00:00:00Z,1084.97,1086.53,1054.62,1055.41,2544683,0,1,1084.97,1086.53,1054.62,1055.41,2544683,GOOGL,0.049532617
2018-02-06T00:00:00Z,1033.98,1087.38,1030.01,1084.43,3732527,0,1,1033.98,1087.38,1030.01,1084.43,3732527,GOOGL,0.027496423
2018-02-05T00:00:00Z,1100.61,1114.99,1056.74,1068.76,3742469,0,1,1100.61,1114.99,1056.74,1068.76,3742469,GOOGL,-0.014449988
2018-02-02T00:00:00Z,1127.42,1131.3,1111.17,1119.2,5798880,0,1,1127.42,1131.3,1111.17,1119.2,5798880,GOOGL,0.04719488
2018-02-01T00:00:00Z,1175.99,1187.45,1169.36,1181.59,2774967,0,1,1175.99,1187.45,1169.36,1181.59,2774967,GOOGL,0.055745175
2018-01-31T00:00:00Z,1183.81,1186.32,1172.1,1182.22,1643877,0,1,1183.81,1186.32,1172.1,1182.22,1643877,GOOGL,0.00053318
2018-01-30T00:00:00Z,1177.72,1187.93,1174.51,1177.37,1792602,0,1,1177.72,1187.93,1174.51,1177.37,1792602,GOOGL,-0.004102451
2018-01-29T00:00:00Z,1188,1198,1184.06,1186.48,1533931,0,1,1188,1198,1184.06,1186.48,1533931,GOOGL,0.007737585
2018-01-26T00:00:00Z,1187.53,1187.56,1168.03,1187.56,1981476,0,1,1187.53,1187.56,1168.03,1187.56,1981476,GOOGL,0.000910256
2018-01-25T00:00:00Z,1180.71,1185,1171.84,1182.14,1398961,0,1,1180.71,1185,1171.84,1182.14,1398961,GOOGL,-0.00456398
2018-01-24T00:00:00Z,1184.98,1187.05,1167.4,1171.29,1818182,0,1,1184.98,1187.05,1167.4,1171.29,1818182,GOOGL,-0.00917827
2018-01-23T00:00:00Z,1170.62,1178.51,1167.25,1176.17,1832126,0,1,1170.62,1178.51,1167.25,1176.17,1832126,GOOGL,0.004166347
2018-01-22T00:00:00Z,1143.82,1166.88,1141.82,1164.16,1437954,0,1,1143.82,1166.88,1141.82,1164.16,1437954,GOOGL,-0.010211109
2018-01-19T00:00:00Z,1138.03,1143.78,1132.5,1143.5,1418376,0,1,1138.03,1143.78,1132.5,1143.5,1418376,GOOGL,-0.017746701
2018-01-18T00:00:00Z,1139.35,1140.59,1124.46,1135.97,1333633,0,1,1139.35,1140.59,1124.46,1135.97,1333633,GOOGL,-0.006585046
2018-01-17T00:00:00Z,1136.36,1139.32,1123.49,1139.1,1353097,0,1,1136.36,1139.32,1123.49,1139.1,1353097,GOOGL,0.002755354
2018-01-16T00:00:00Z,1140.31,1148.88,1126.66,1130.7,1783881,0,1,1140.31,1148.88,1126.66,1130.7,1783881,GOOGL,-0.007374243
2018-01-12T00:00:00Z,1110.1,1131.3,1108.01,1130.65,1914460,0,1,1110.1,1131.3,1108.01,1130.65,1914460,GOOGL,-4.42204E-05
2018-01-11T00:00:00Z,1112.31,1114.85,1106.48,1111.88,1102461,0,1,1112.31,1114.85,1106.48,1111.88,1102461,GOOGL,-0.01660107
2018-01-10T00:00:00Z,1107,1112.78,1103.98,1110.14,1027781,0,1,1107,1112.78,1103.98,1110.14,1027781,GOOGL,-0.001564917
2018-01-09T00:00:00Z,1118.44,1118.44,1108.2,1112.79,1335995,0,1,1118.44,1118.44,1108.2,1112.79,1335995,GOOGL,0.002387086
2018-01-08T00:00:00Z,1111,1119.16,1110,1114.21,1148958,0,1,1111,1119.16,1110,1114.21,1148958,GOOGL,0.001276072
2018-01-05T00:00:00Z,1103.45,1113.58,1101.8,1110.29,1493389,0,1,1103.45,1113.58,1101.8,1110.29,1493389,GOOGL,-0.003518188
2018-01-04T00:00:00Z,1097.09,1104.08,1094.26,1095.76,1289293,0,1,1097.09,1104.08,1094.26,1095.76,1289293,GOOGL,-0.013086671
2018-01-03T00:00:00Z,1073.93,1096.1,1073.43,1091.52,1550593,0,1,1073.93,1096.1,1073.43,1091.52,1550593,GOOGL,-0.00386946
2018-01-02T00:00:00Z,1053.02,1075.98,1053.02,1073.21,1555809,0,1,1053.02,1075.98,1053.02,1073.21,1555809,GOOGL,-0.016774773
2017-12-29T00:00:00Z,1055.49,1058.05,1052.7,1053.4,1156357,0,1,1055.49,1058.05,1052.7,1053.4,1156357,GOOGL,-0.018458643
2017-12-28T00:00:00Z,1062.25,1064.84,1053.38,1055.95,982285,0,1,1062.25,1064.84,1053.38,1055.95,982285,GOOGL,0.002420733
2017-12-27T00:00:00Z,1066.6,1068.27,1058.38,1060.2,1027634,0,1,1066.6,1068.27,1058.38,1060.2,1027634,GOOGL,0.004024812
2017-12-26T00:00:00Z,1068.64,1068.86,1058.64,1065.85,914574,0,1,1068.64,1068.86,1058.64,1065.85,914574,GOOGL,0.005329183
2017-12-22T00:00:00Z,1070,1071.72,1067.64,1068.86,860800,0,1,1070,1071.72,1067.64,1068.86,860800,GOOGL,0.002824037
2017-12-21T00:00:00Z,1075.39,1077.52,1069,1070.85,1211012,0,1,1075.39,1077.52,1069,1070.85,1211012,GOOGL,0.001861797
2017-12-20T00:00:00Z,1080.92,1081.23,1068.6,1073.56,1429035,0,1,1080.92,1081.23,1068.6,1073.56,1429035,GOOGL,0.0025307
2017-12-19T00:00:00Z,1083.02,1084.97,1072.27,1079.78,1287930,0,1,1083.02,1084.97,1072.27,1079.78,1287930,GOOGL,0.005793808
2017-12-18T00:00:00Z,1076.45,1086.49,1070.37,1085.09,1482768,0,1,1076.45,1086.49,1070.37,1085.09,1482768,GOOGL,0.004917668
2017-12-15T00:00:00Z,1063.78,1075.25,1060.09,1072,3080738,0,1,1063.78,1075.25,1060.09,1072,3080738,GOOGL,-0.012063515
2017-12-14T00:00:00Z,1055.49,1067.08,1053.6,1057.47,1531504,0,1,1055.49,1067.08,1053.6,1057.47,1531504,GOOGL,-0.013554104
2017-12-13T00:00:00Z,1052.08,1055.48,1046.58,1051.39,1369580,0,1,1052.08,1055.48,1046.58,1051.39,1369580,GOOGL,-0.005749572
2017-12-12T00:00:00Z,1050,1062.5,1044.87,1048.77,1684977,0,1,1050,1062.5,1044.87,1048.77,1684977,GOOGL,-0.002491939
2017-12-11T00:00:00Z,1051.11,1056,1044.12,1051.97,1096997,0,1,1051.11,1056,1044.12,1051.97,1096997,GOOGL,0.003051193
2017-12-08T00:00:00Z,1051.81,1056.42,1045.86,1049.38,1479665,0,1,1051.81,1056.42,1045.86,1049.38,1479665,GOOGL,-0.002462047
2017-12-07T00:00:00Z,1036.07,1048.92,1035.36,1044.57,1437448,0,1,1036.07,1048.92,1035.36,1044.57,1437448,GOOGL,-0.004583659
2017-12-06T00:00:00Z,1016.52,1039.58,1015.31,1032.72,1369276,0,1,1016.52,1039.58,1015.31,1032.72,1369276,GOOGL,-0.011344381
2017-12-05T00:00:00Z,1010.99,1036.68,1002.32,1019.6,1927802,0,1,1010.99,1036.68,1002.32,1019.6,1927802,GOOGL,-0.012704315
2017-12-04T00:00:00Z,1027.8,1031.34,1009.22,1011.87,1896325,0,1,1027.8,1031.34,1009.22,1011.87,1896325,GOOGL,-0.007581404
2017-12-01T00:00:00Z,1030.41,1037.24,1016.9,1025.07,1850541,0,1,1030.41,1037.24,1016.9,1025.07,1850541,GOOGL,0.013045154
2017-11-30T00:00:00Z,1039.94,1044.14,1030.07,1036.17,2190379,0,1,1039.94,1044.14,1030.07,1036.17,2190379,GOOGL,0.010828529
2017-11-29T00:00:00Z,1056.18,1058.77,1029.65,1037.38,2737664,0,1,1056.18,1058.77,1029.65,1037.38,2737664,GOOGL,0.001167762
2017-11-28T00:00:00Z,1073.99,1080,1054.54,1063.29,1694098,0,1,1073.99,1080,1054.54,1063.29,1694098,GOOGL,0.024976383
2017-11-27T00:00:00Z,1058.57,1073.04,1054.77,1072.01,1708195,0,1,1058.57,1073.04,1054.77,1072.01,1708195,GOOGL,0.008200961
2017-11-24T00:00:00Z,1054.39,1060.07,1051.92,1056.52,825342,0,1,1054.39,1060.07,1051.92,1056.52,825342,GOOGL,-0.014449492
2017-11-22T00:00:00Z,1051.16,1055.43,1047.25,1051.92,721498,0,1,1051.16,1055.43,1047.25,1051.92,721498,GOOGL,-0.004353917
2017-11-21T00:00:00Z,1040.04,1050.39,1039.14,1050.3,1075568,0,1,1040.04,1050.39,1039.14,1050.3,1075568,GOOGL,-0.001540041
2017-11-20T00:00:00Z,1036,1038.7,1032.68,1034.66,850423,0,1,1036,1038.7,1032.68,1034.66,850423,GOOGL,-0.014890984
2017-11-17T00:00:00Z,1049.8,1051,1033.73,1035.89,1286044,0,1,1049.8,1051,1033.73,1035.89,1286044,GOOGL,0.001188796
2017-11-16T00:00:00Z,1038.75,1051.76,1038,1048.47,1125995,0,1,1038.75,1051.76,1038,1048.47,1125995,GOOGL,0.012144147
2017-11-15T00:00:00Z,1035,1039.63,1030.76,1036.41,900695,0,1,1035,1039.63,1030.76,1036.41,900695,GOOGL,-0.011502475
2017-11-14T00:00:00Z,1037.72,1042.3,1029.33,1041.64,982782,0,1,1037.72,1042.3,1029.33,1041.64,982782,GOOGL,0.005046265
2017-11-13T00:00:00Z,1040.8,1048.74,1039.26,1041.2,914852,0,1,1040.8,1048.74,1039.26,1041.2,914852,GOOGL,-0.000422411
2017-11-10T00:00:00Z,1043.87,1046.63,1041.22,1044.15,955500,0,1,1043.87,1046.63,1041.22,1044.15,955500,GOOGL,0.002833269
2017-11-09T00:00:00Z,1048,1050.88,1035.85,1047.72,1776722,0,1,1048,1050.88,1035.85,1047.72,1776722,GOOGL,0.003419049
2017-11-07T00:00:00Z,1049.65,1053.41,1043,1052.39,1254965,0,1,1049.65,1053.41,1043,1052.39,1254965,GOOGL,0.004457298
2017-11-06T00:00:00Z,1049.1,1052.59,1042,1042.68,897897,0,1,1049.1,1052.59,1042,1042.68,897897,GOOGL,-0.009226618
2017-11-03T00:00:00Z,1042.75,1050.66,1037.65,1049.99,1370874,0,1,1042.75,1050.66,1037.65,1049.99,1370874,GOOGL,0.00701078
2017-11-02T00:00:00Z,1039.99,1045.52,1028.66,1042.97,1233333,0,1,1039.99,1045.52,1028.66,1042.97,1233333,GOOGL,-0.006685778
2017-11-01T00:00:00Z,1036.32,1047.86,1034,1042.6,2105729,0,1,1036.32,1047.86,1034,1042.6,2105729,GOOGL,-0.000354756
2017-10-31T00:00:00Z,1033,1041,1026.3,1033.04,1490660,0,1,1033,1041,1026.3,1033.04,1490660,GOOGL,-0.009169384
2018-03-27T00:00:00Z,304,304.27,277.18,279.18,13696168,0,1,304,304.27,277.18,279.18,13696168,TSLA,null
2018-03-26T00:00:00Z,307.34,307.59,291.36,304.18,8324639,0,1,307.34,307.59,291.36,304.18,8324639,TSLA,0.089547962
2018-03-23T00:00:00Z,311.25,311.61,300.45,301.54,6600538,0,1,311.25,311.61,300.45,301.54,6600538,TSLA,-0.008679072
2018-03-22T00:00:00Z,313.89,318.82,308.18,309.1,4914307,0,1,313.89,318.82,308.18,309.1,4914307,TSLA,0.025071301
2018-03-21T00:00:00Z,310.25,322.44,310.19,316.53,5927881,0,1,310.25,322.44,310.19,316.53,5927881,TSLA,0.024037528
2018-03-20T00:00:00Z,314.87,316.25,308.76,310.55,4726182,0,1,314.87,316.25,308.76,310.55,4726182,TSLA,-0.018892364
2018-03-19T00:00:00Z,316.5,320.75,309.67,313.56,7440766,0,1,316.5,320.75,309.67,313.56,7440766,TSLA,0.009692481
2018-03-16T00:00:00Z,325.96,327.4,319.07,321.35,6058612,0,1,325.96,327.4,319.07,321.35,6058612,TSLA,0.02484373
2018-03-15T00:00:00Z,329.38,332.85,321.1,325.6,6366922,0,1,329.38,332.85,321.1,325.6,6366922,TSLA,0.013225455
2018-03-14T00:00:00Z,336.76,339.81,323.93,326.63,7932511,0,1,336.76,339.81,323.93,326.63,7932511,TSLA,0.003163391
2018-03-13T00:00:00Z,344.92,345.12,336.2635,341.84,5932110,0,1,344.92,345.12,336.2635,341.84,5932110,TSLA,0.046566451
2018-03-12T00:00:00Z,328.61,347.21,326.5,345.51,8212156,0,1,328.61,347.21,326.5,345.51,8212156,TSLA,0.010736017
2018-03-09T00:00:00Z,324.1,328.49,322.37,327.17,5479716,0,1,324.1,328.49,322.37,327.17,5479716,TSLA,-0.053080953
2018-03-08T00:00:00Z,332.86,333.3,326.274,329.1,3476944,0,1,332.86,333.3,326.274,329.1,3476944,TSLA,0.005899074
2018-03-07T00:00:00Z,325.44,332.5,321.74,332.3,5007297,0,1,325.44,332.5,321.74,332.3,5007297,TSLA,0.009723488
2018-03-06T00:00:00Z,333.75,336.37,327.03,328.2,4285744,0,1,333.75,336.37,327.03,328.2,4285744,TSLA,-0.012338249
2018-03-05T00:00:00Z,332.39,337.75,329.2929,333.35,3823769,0,1,332.39,337.75,329.2929,333.35,3823769,TSLA,0.015691651
2018-03-02T00:00:00Z,326.98,335.22,322.97,335.12,5092829,0,1,326.98,335.22,322.97,335.12,5092829,TSLA,0.005309735
2018-03-01T00:00:00Z,345.01,348.67,330.07,330.93,6885601,0,1,345.01,348.67,330.07,330.93,6885601,TSLA,-0.012502984
2018-02-28T00:00:00Z,352.57,355.24,342.22,343.06,6042895,0,1,352.57,355.24,342.22,343.06,6042895,TSLA,0.036654277
2018-02-27T00:00:00Z,356.25,359.99,350.01,350.99,4761537,0,1,356.25,359.99,350.01,350.99,4761537,TSLA,0.02311549
2018-02-26T00:00:00Z,353.5,359,352.355,357.42,4312871,0,1,353.5,359,352.355,357.42,4312871,TSLA,0.01831961
2018-02-23T00:00:00Z,347.83,354.99,347.1,352.05,5790795,0,1,347.83,354.99,347.1,352.05,5790795,TSLA,-0.015024341
2018-02-22T00:00:00Z,335.53,347.44,334.7501,346.17,6940349,0,1,335.53,347.44,334.7501,346.17,6940349,TSLA,-0.016702173
2018-02-21T00:00:00Z,336.03,339.6929,333.17,333.3,3181755,0,1,336.03,339.6929,333.17,333.3,3181755,TSLA,-0.037178265
2018-02-20T00:00:00Z,334.47,340.84,331.5,334.77,3996951,0,1,334.47,340.84,331.5,334.77,3996951,TSLA,0.004410441
2018-02-16T00:00:00Z,332.5,343.12,331.64,335.49,5585810,0,1,332.5,343.12,331.64,335.49,5585810,TSLA,0.00215073
2018-02-15T00:00:00Z,324.5,334.12,322.4,334.065,5892048,0,1,324.5,334.12,322.4,334.065,5892048,TSLA,-0.004247519
2018-02-14T00:00:00Z,320.84,326.17,318.52,322.31,3930911,0,1,320.84,326.17,318.52,322.31,3930911,TSLA,-0.035187763
2018-02-13T00:00:00Z,315.02,324.19,312.5105,323.66,4506915,0,1,315.02,324.19,312.5105,323.66,4506915,TSLA,0.004188514
2018-02-12T00:00:00Z,316.13,318.08,306.25,315.73,6166161,0,1,316.13,318.08,306.25,315.73,6166161,TSLA,-0.02450102
2018-02-09T00:00:00Z,319.93,320.9845,294.76,310.11,12795099,0,1,319.93,320.9845,294.76,310.11,12795099,TSLA,-0.017800019
2018-02-08T00:00:00Z,343.31,348.62,314.6,315.36,9996464,0,1,343.31,348.62,314.6,315.36,9996464,TSLA,0.016929477
2018-02-07T00:00:00Z,338.99,346,335.66,345,5846823,0,1,338.99,346,335.66,345,5846823,TSLA,0.093987823
2018-02-06T00:00:00Z,325.21,336.22,323.5,333.63,4937928,0,1,325.21,336.22,323.5,333.63,4937928,TSLA,-0.032956522
2018-02-05T00:00:00Z,337.97,344.47,333,333.7,4053777,0,1,337.97,344.47,333,333.7,4053777,TSLA,0.000209813
2018-02-02T00:00:00Z,348.44,351.95,340.51,343.79,3674909,0,1,348.44,351.95,340.51,343.79,3674909,TSLA,0.03023674
2018-02-01T00:00:00Z,351,359.66,348.63,349.25,4163194,0,1,351,359.66,348.63,349.25,4163194,TSLA,0.015881788
2018-01-31T00:00:00Z,347.51,356.19,345.19,354.42,6076998,0,1,347.51,356.19,345.19,354.42,6076998,TSLA,0.01480315
2018-01-30T00:00:00Z,345.14,348.27,342.17,345.82,4696465,0,1,345.14,348.27,342.17,345.82,4696465,TSLA,-0.024264996
2018-01-29T00:00:00Z,339.85,350.85,338.28,349.53,4722025,0,1,339.85,350.85,338.28,349.53,4722025,TSLA,0.010728124
2018-01-26T00:00:00Z,341.5,344,335.71,342.85,4515013,0,1,341.5,344,335.71,342.85,4515013,TSLA,-0.019111378
2018-01-25T00:00:00Z,348.27,349.2,336.4,337.64,6640964,0,1,348.27,349.2,336.4,337.64,6640964,TSLA,-0.01519615
2018-01-24T00:00:00Z,354.58,354.75,343.52,345.7404,5251654,0,1,354.58,354.75,343.52,345.7404,5251654,TSLA,0.023991233
2018-01-23T00:00:00Z,360,360.5,351,352.79,5428872,0,1,360,360.5,351,352.79,5428872,TSLA,0.020389865
2018-01-22T00:00:00Z,349.4,357.83,349.2,351.56,6157941,0,1,349.4,357.83,349.2,351.56,6157941,TSLA,-0.003486493
2018-01-19T00:00:00Z,345,350.5899,342.6,350.02,4812052,0,1,345,350.5899,342.6,350.02,4812052,TSLA,-0.004380476
2018-01-18T00:00:00Z,345.67,352.3,343.74,344.57,5619990,0,1,345.67,352.3,343.74,344.57,5619990,TSLA,-0.015570539
2018-01-17T00:00:00Z,340.47,349,339.75,347.16,7062337,0,1,340.47,349,339.75,347.16,7062337,TSLA,0.007516615
2018-01-16T00:00:00Z,337.54,345,334.8,340.06,6392397,0,1,337.54,345,334.8,340.06,6392397,TSLA,-0.020451665
2018-01-12T00:00:00Z,338.63,340.41,333.67,336.22,4805025,0,1,338.63,340.41,333.67,336.22,4805025,TSLA,-0.011292125
2018-01-11T00:00:00Z,335.24,344.8099,333.26,337.95,6619082,0,1,335.24,344.8099,333.26,337.95,6619082,TSLA,0.00514544
2018-01-10T00:00:00Z,332.2,337,330,334.8,4236168,0,1,332.2,337,330,334.8,4236168,TSLA,-0.009320905
2018-01-09T00:00:00Z,335.16,338.8,327.405,333.69,7109115,0,1,335.16,338.8,327.405,333.69,7109115,TSLA,-0.003315412
2018-01-08T00:00:00Z,316,337.0199,315.5,336.41,9777059,0,1,316,337.0199,315.5,336.41,9777059,TSLA,0.008151278
2018-01-05T00:00:00Z,316.62,317.24,312,316.58,4578729,0,1,316.62,317.24,312,316.58,4578729,TSLA,-0.058945929
2018-01-04T00:00:00Z,312.87,318.55,305.68,314.62,9915932,0,1,312.87,318.55,305.68,314.62,9915932,TSLA,-0.006191168
2018-01-03T00:00:00Z,321,325.25,315.55,317.25,4185665,0,1,321,325.25,315.55,317.25,4185665,TSLA,0.008359291
2018-01-02T00:00:00Z,312,322.1099,311,320.53,4326988,0,1,312,322.1099,311,320.53,4326988,TSLA,0.010338849
2017-12-29T00:00:00Z,316.18,316.41,310,311.35,3727621,0,1,316.18,316.41,310,311.35,3727621,TSLA,-0.028640065
2017-12-28T00:00:00Z,311.75,315.82,309.54,315.36,4294689,0,1,311.75,315.82,309.54,315.36,4294689,TSLA,0.012879396
2017-12-27T00:00:00Z,316,317.68,310.75,311.64,4645441,0,1,316,317.68,310.75,311.64,4645441,TSLA,-0.011796043
2017-12-26T00:00:00Z,323.83,323.94,316.58,317.29,4321909,0,1,323.83,323.94,316.58,317.29,4321909,TSLA,0.018129893
2017-12-22T00:00:00Z,329.51,330.9214,324.82,325.2,4186131,0,1,329.51,330.9214,324.82,325.2,4186131,TSLA,0.024929875
2017-12-21T00:00:00Z,329.59,333.74,327.21,331.66,4344701,0,1,329.59,333.74,327.21,331.66,4344701,TSLA,0.019864699
2017-12-20T00:00:00Z,332.69,333.1,325.04,328.98,5937684,0,1,332.69,333.1,325.04,328.98,5937684,TSLA,-0.008080564
2017-12-19T00:00:00Z,340.26,341.4925,330.3,331.1,6792009,0,1,340.26,341.4925,330.3,331.1,6792009,TSLA,0.006444161
2017-12-18T00:00:00Z,344.9,346.73,337.58,338.87,5441450,0,1,344.9,346.73,337.58,338.87,5441450,TSLA,0.02346723
2017-12-15T00:00:00Z,342.04,343.9,335.76,343.45,6832071,0,1,342.04,343.9,335.76,343.45,6832071,TSLA,0.013515507
2017-12-14T00:00:00Z,341.01,347.44,336.9,337.89,5744750,0,1,341.01,347.44,336.9,337.89,5744750,TSLA,-0.016188674
2017-12-13T00:00:00Z,340.93,344.22,336.5,339.03,6189204,0,1,340.93,344.22,336.5,339.03,6189204,TSLA,0.003373879
2017-12-12T00:00:00Z,330.45,341.44,330.03,341.03,8648534,0,1,330.45,341.44,330.03,341.03,8648534,TSLA,0.005899183
2017-12-11T00:00:00Z,314.63,329.01,313.75,328.91,7867288,0,1,314.63,329.01,313.75,328.91,7867288,TSLA,-0.035539395
2017-12-08T00:00:00Z,314.6,316.98,311.26,315.13,3442898,0,1,314.6,316.98,311.26,315.13,3442898,TSLA,-0.041895959
2017-12-07T00:00:00Z,312,318.6341,311.05,311.24,4705140,0,1,312,318.6341,311.05,311.24,4705140,TSLA,-0.012344112
2017-12-06T00:00:00Z,300.1,313.39,300,313.26,7160938,0,1,300.1,313.39,300,313.26,7160938,TSLA,0.006490168
2017-12-05T00:00:00Z,302,308,301,303.7,4628462,0,1,302,308,301,303.7,4628462,TSLA,-0.030517781
2017-12-04T00:00:00Z,306.5,308.265,300.61,305.2,5811205,0,1,306.5,308.265,300.61,305.2,5811205,TSLA,0.004939085
2017-12-01T00:00:00Z,305.44,310.32,305.05,306.53,4256030,0,1,305.44,310.32,305.05,306.53,4256030,TSLA,0.004357798
2017-11-30T00:00:00Z,308.56,310.7,304.54,308.85,4288221,0,1,308.56,310.7,304.54,308.85,4288221,TSLA,0.00756859
2017-11-29T00:00:00Z,317.3,318,301.23,307.54,8732941,0,1,317.3,318,301.23,307.54,8732941,TSLA,-0.004241541
2017-11-28T00:00:00Z,316.36,320,313.92,317.55,4916555,0,1,316.36,320,313.92,317.55,4916555,TSLA,0.032548612
2017-11-27T00:00:00Z,313.25,317.34,309.51,316.81,4524921,0,1,313.25,317.34,309.51,316.81,4524921,TSLA,-0.002330342
2017-11-24T00:00:00Z,313.79,316.41,311,315.55,3242220,0,1,313.79,316.41,311,315.55,3242220,TSLA,-0.003977147
2017-11-22T00:00:00Z,316.77,317.42,311.84,312.6,4890091,0,1,316.77,317.42,311.84,312.6,4890091,TSLA,-0.009348756
2017-11-21T00:00:00Z,310.86,318.23,308.71,317.81,7230570,0,1,310.86,318.23,308.71,317.81,7230570,TSLA,0.016666667
2017-11-20T00:00:00Z,313.79,315.5,304.75,308.74,8220759,0,1,313.79,315.5,304.75,308.74,8220759,TSLA,-0.028539064
2017-11-17T00:00:00Z,325.67,326.67,313.15,315.05,13682753,0,1,325.67,326.67,313.15,315.05,13682753,TSLA,0.020437909
2017-11-16T00:00:00Z,313.99,318.14,311.3,312.5,5757709,0,1,313.99,318.14,311.3,312.5,5757709,TSLA,-0.008093953
2017-11-15T00:00:00Z,306.01,312.49,301.5,311.3,5909055,0,1,306.01,312.49,301.5,311.3,5909055,TSLA,-0.00384
2017-11-14T00:00:00Z,315,316.35,306.9,308.7,5641615,0,1,315,316.35,306.9,308.7,5641615,TSLA,-0.008352072
2017-11-13T00:00:00Z,300.13,316.8,299.11,315.4,7536669,0,1,300.13,316.8,299.11,315.4,7536669,TSLA,0.02170392
2017-11-10T00:00:00Z,302.5,308.36,301.85,302.99,4600097,0,1,302.5,308.36,301.85,302.99,4600097,TSLA,-0.039346861
2017-11-09T00:00:00Z,302.5,304.46,296.3,302.99,5419497,0,1,302.5,304.46,296.3,302.99,5419497,TSLA,0
2017-11-07T00:00:00Z,301.02,306.5,300.03,306.05,5209573,0,1,301.02,306.5,300.03,306.05,5209573,TSLA,0.010099343
2017-11-06T00:00:00Z,307,307.5,299.01,302.78,6463227,0,1,307,307.5,299.01,302.78,6463227,TSLA,-0.010684529
2017-11-03T00:00:00Z,299.5,306.25,295.13,306.09,8835157,0,1,299.5,306.25,295.13,306.09,8835157,TSLA,0.01093203
2017-11-02T00:00:00Z,300.13,308.69,292.63,299.26,19731322,0,1,300.13,308.69,292.63,299.26,19731322,TSLA,-0.022313699
2017-11-01T00:00:00Z,332.25,332.6089,320.26,321.08,7028856,0,1,332.25,332.6089,320.26,321.08,7028856,TSLA,0.072913186
2017-10-31T00:00:00Z,320.23,331.95,320.18,331.53,5532647,0,1,320.23,331.95,320.18,331.53,5532647,TSLA,0.032546406
2018-03-27T00:00:00Z,247.75,250,219.845,225.52,34462113,0,1,247.75,250,219.845,225.52,34462113,NVDA,null
2018-03-26T00:00:00Z,238,244.53,235.9,244.48,15130542,0,1,238,244.53,235.9,244.48,15130542,NVDA,0.084072366
2018-03-23T00:00:00Z,242.4,242.67,232.52,232.97,18225390,0,1,242.4,242.67,232.52,232.97,18225390,NVDA,-0.047079516
2018-03-22T00:00:00Z,246,247.88,240.341,241.85,13663927,0,1,246,247.88,240.341,241.85,13663927,NVDA,0.038116496
2018-03-21T00:00:00Z,249.32,252,247.33,248.56,10841782,0,1,249.32,252,247.33,248.56,10841782,NVDA,0.02774447
2018-03-20T00:00:00Z,241.12,251.15,241.12,249.58,13725505,0,1,241.12,251.15,241.12,249.58,13725505,NVDA,0.004103637
2018-03-19T00:00:00Z,248.18,249.35,237,241,17472128,0,1,248.18,249.35,237,241,17472128,NVDA,-0.034377755
2018-03-16T00:00:00Z,250,251.25,248.48,250.48,9634107,0,1,250,251.25,248.48,250.48,9634107,NVDA,0.0393361
2018-03-15T00:00:00Z,249.29,252.62,247.64,249.34,9992834,0,1,249.29,252.62,247.64,249.34,9992834,NVDA,-0.004551262
2018-03-14T00:00:00Z,249.45,250.55,246.22,248.74,12573947,0,1,249.45,250.55,246.22,248.74,12573947,NVDA,-0.002406353
2018-03-13T00:00:00Z,251.49,254.5,246.04,247.71,15408000,0,1,251.49,254.5,246.04,247.71,15408000,NVDA,-0.00414087
2018-03-12T00:00:00Z,247,253,246.6723,249.76,15056073,0,1,247,253,246.6723,249.76,15056073,NVDA,0.008275806
2018-03-09T00:00:00Z,243.1,245.85,242.4501,245.33,12580234,0,1,243.1,245.85,242.4501,245.33,12580234,NVDA,-0.017737028
2018-03-08T00:00:00Z,242.95,242.95,239.3907,241.18,10163665,0,1,242.95,242.95,239.3907,241.18,10163665,NVDA,-0.016915991
2018-03-07T00:00:00Z,238,243.95,237.95,241.84,14530226,0,1,238,243.95,237.95,241.84,14530226,NVDA,0.002736545
2018-03-06T00:00:00Z,239.1,242.94,237.36,242.16,15920243,0,1,239.1,242.94,237.36,242.16,15920243,NVDA,0.001323189
2018-03-05T00:00:00Z,234.51,237.25,229.521,235.65,15519413,0,1,234.51,237.25,229.521,235.65,15519413,NVDA,-0.026883053
2018-03-02T00:00:00Z,227.86,236.8,221.85,236.54,22835685,0,1,227.86,236.8,221.85,236.54,22835685,NVDA,0.003776788
2018-03-01T00:00:00Z,241.91,244.09,228.1248,232.21,26002972,0,1,241.91,244.09,228.1248,232.21,26002972,NVDA,-0.018305572
2018-02-28T00:00:00Z,246.5,248.1,241.53,242,12950470,0,1,246.5,248.1,241.53,242,12950470,NVDA,0.042160114
2018-02-27T00:00:00Z,245.5,248.91,245.13,246.06,11323269,0,1,245.5,248.91,245.13,246.06,11323269,NVDA,0.01677686
2018-02-26T00:00:00Z,247.8,247.98,244.06,246.58,11145830,0,1,247.8,247.98,244.06,246.58,11145830,NVDA,0.002113306
2018-02-23T00:00:00Z,244.57,245.93,242.5201,245.93,10258215,0,1,244.57,245.93,242.5201,245.93,10258215,NVDA,-0.002636061
2018-02-22T00:00:00Z,242.73,245.63,239.5,242.15,12998992,0,1,242.73,245.63,239.5,242.15,12998992,NVDA,-0.015370227
2018-02-21T00:00:00Z,251.69,251.9675,241.36,241.51,21021844,0,1,251.69,251.9675,241.36,241.51,21021844,NVDA,-0.00264299
2018-02-20T00:00:00Z,244.75,251.87,244.6,249.08,17075723,0,1,244.75,251.87,244.6,249.08,17075723,NVDA,0.031344458
2018-02-16T00:00:00Z,245.4,250,243.47,243.84,15812549,0,1,245.4,250,243.47,243.84,15812549,NVDA,-0.021037418
2018-02-15T00:00:00Z,244.785,248.37,241.52,246.5,17392024,0,1,244.785,248.37,241.52,246.5,17392024,NVDA,0.010908793
2018-02-14T00:00:00Z,231,242.5925,230.55,241.42,18453757,0,1,231,242.5925,230.55,241.42,18453757,NVDA,-0.020608519
2018-02-13T00:00:00Z,226.56,234.5,225.25,232.63,15573359,0,1,226.56,234.5,225.25,232.63,15573359,NVDA,-0.036409577
2018-02-12T00:00:00Z,235.355,235.48,225.0305,228.03,27179807,0,1,235.355,235.48,225.0305,228.03,27179807,NVDA,-0.01977389
2018-02-09T00:00:00Z,238.25,238.89,217.52,230.93,41044898,0,1,238.25,238.89,217.52,230.93,41044898,NVDA,0.012717625
2018-02-08T00:00:00Z,233.88,235.22,217.51,217.52,21664353,0,1,233.88,235.22,217.51,217.52,21664353,NVDA,-0.058069545
2018-02-07T00:00:00Z,229.58,234.97,226.7,228.8,19931234,0,1,229.58,234.97,226.7,228.8,19931234,NVDA,0.0518573
2018-02-06T00:00:00Z,204.4,225.7,204,225.58,26591746,0,1,204.4,225.7,204,225.58,26591746,NVDA,-0.014073427
2018-02-05T00:00:00Z,227,233.23,205,215.19,27907654,0,1,227,233.23,205,215.19,27907654,NVDA,-0.046059048
2018-02-02T00:00:00Z,237,237.97,231.17,233.52,17794503,0,1,237,237.97,231.17,233.52,17794503,NVDA,0.085180538
2018-02-01T00:00:00Z,238.52,246.9,238.06,240.5,12716271,0,1,238.52,246.9,238.06,240.5,12716271,NVDA,0.029890373
2018-01-31T00:00:00Z,245.77,249.27,244.45,245.8,11818115,0,1,245.77,249.27,244.45,245.8,11818115,NVDA,0.022037422
2018-01-30T00:00:00Z,241.11,246.42,238.41,242.72,14133180,0,1,241.11,246.42,238.41,242.72,14133180,NVDA,-0.012530513
2018-01-29T00:00:00Z,242.74,248.11,240.61,246.85,11282948,0,1,242.74,248.11,240.61,246.85,11282948,NVDA,0.017015491
2018-01-26T00:00:00Z,238.12,243.34,237.6,243.33,12755309,0,1,238.12,243.34,237.6,243.33,12755309,NVDA,-0.014259672
2018-01-25T00:00:00Z,238,239.75,235.75,236.35,10105341,0,1,238,239.75,235.75,236.35,10105341,NVDA,-0.028685324
2018-01-24T00:00:00Z,239.04,240.4936,233.55,235.8,14406492,0,1,239.04,240.4936,233.55,235.8,14406492,NVDA,-0.002327057
2018-01-23T00:00:00Z,235.85,239.83,235.101,238.91,11293069,0,1,235.85,239.83,235.101,238.91,11293069,NVDA,0.013189143
2018-01-22T00:00:00Z,230.43,233.76,228.1,233.69,9614659,0,1,230.43,233.76,228.1,233.69,9614659,NVDA,-0.021849232
2018-01-19T00:00:00Z,228.09,231.09,227,230.11,14544968,0,1,228.09,231.09,227,230.11,14544968,NVDA,-0.01531944
2018-01-18T00:00:00Z,223.94,226.64,222.68,224.44,10071489,0,1,223.94,226.64,222.68,224.44,10071489,NVDA,-0.024640389
2018-01-17T00:00:00Z,220.7,225.12,216.9,224.72,13112629,0,1,220.7,225.12,216.9,224.72,13112629,NVDA,0.001247549
2018-01-16T00:00:00Z,224.05,227.51,216.69,220.11,17104812,0,1,224.05,227.51,216.69,220.11,17104812,NVDA,-0.020514418
2018-01-12T00:00:00Z,223.6,224.99,221.34,222.759,8931936,0,1,223.6,224.99,221.34,222.759,8931936,NVDA,0.012034892
2018-01-11T00:00:00Z,225,226.27,223.21,224.019,9812137,0,1,225,226.27,223.21,224.019,9812137,NVDA,0.005656337
2018-01-10T00:00:00Z,218.2,223.82,216,223.68,14087612,0,1,218.2,223.82,216,223.68,14087612,NVDA,-0.001513264
2018-01-09T00:00:00Z,222.22,223.82,218.64,221.94,11750593,0,1,222.22,223.82,218.64,221.94,11750593,NVDA,-0.00777897
2018-01-08T00:00:00Z,220.4,225,218.58,222,21190932,0,1,220.4,225,218.58,222,21190932,NVDA,0.000270343
2018-01-05T00:00:00Z,214.19,216.91,211.08,215.4,14008768,0,1,214.19,216.91,211.08,215.4,14008768,NVDA,-0.02972973
2018-01-04T00:00:00Z,215.76,218.05,212.69,213.59,14346675,0,1,215.76,218.05,212.69,213.59,14346675,NVDA,-0.008402971
2018-01-03T00:00:00Z,204.1,213.7,203.75,212.47,22499518,0,1,204.1,213.7,203.75,212.47,22499518,NVDA,-0.005243691
2018-01-02T00:00:00Z,195.78,199.5,194.5,199.35,8303752,0,1,195.78,199.5,194.5,199.35,8303752,NVDA,-0.061749894
2017-12-29T00:00:00Z,198.46,198.46,193.5,193.5,6896330,0,1,198.46,198.46,193.5,193.5,6896330,NVDA,-0.029345372
2017-12-28T00:00:00Z,198.13,199.38,197.1514,197.4,5978211,0,1,198.13,199.38,197.1514,197.4,5978211,NVDA,0.020155039
2017-12-27T00:00:00Z,196.9,199.97,196.31,197.17,8097374,0,1,196.9,199.97,196.31,197.17,8097374,NVDA,-0.001165147
2017-12-26T00:00:00Z,193.03,197.75,191.82,197.44,8821296,0,1,193.03,197.75,191.82,197.44,8821296,NVDA,0.001369377
2017-12-22T00:00:00Z,194.4,195.65,191.25,195.27,11613423,0,1,194.4,195.65,191.25,195.27,11613423,NVDA,-0.010990681
2017-12-21T00:00:00Z,196.94,197.95,195.55,195.89,7458634,0,1,196.94,197.95,195.55,195.89,7458634,NVDA,0.003175091
2017-12-20T00:00:00Z,197.7,198.07,194.55,196.8,7185318,0,1,197.7,198.07,194.55,196.8,7185318,NVDA,0.004645464
2017-12-19T00:00:00Z,197.52,197.73,194.96,196.11,9217358,0,1,197.52,197.73,194.96,196.11,9217358,NVDA,-0.003506098
2017-12-18T00:00:00Z,193.2,198.02,192,197.9,11730697,0,1,193.2,198.02,192,197.9,11730697,NVDA,0.00912753
2017-12-15T00:00:00Z,188.251,192.38,185.62,191.56,16090200,0,1,188.251,192.38,185.62,191.56,16090200,NVDA,-0.032036382
2017-12-14T00:00:00Z,185.92,189.34,184.6,186.47,10871746,0,1,185.92,189.34,184.6,186.47,10871746,NVDA,-0.026571309
2017-12-13T00:00:00Z,192.5,192.55,185.88,186.18,13744496,0,1,192.5,192.55,185.88,186.18,13744496,NVDA,-0.00155521
2017-12-12T00:00:00Z,192.9,193.84,189.89,190.84,11296559,0,1,192.9,193.84,189.89,190.84,11296559,NVDA,0.025029541
2017-12-11T00:00:00Z,192.06,194.78,191.42,194.66,9106693,0,1,192.06,194.78,191.42,194.66,9106693,NVDA,0.020016768
2017-12-08T00:00:00Z,194.01,194.78,191.15,191.49,11483868,0,1,194.01,194.78,191.15,191.49,11483868,NVDA,-0.016284804
2017-12-07T00:00:00Z,191.96,193.6,190.12,191.99,13190983,0,1,191.96,193.6,190.12,191.99,13190983,NVDA,0.002611102
2017-12-06T00:00:00Z,185.7,190.14,184.84,189.26,11464458,0,1,185.7,190.14,184.84,189.26,11464458,NVDA,-0.014219491
2017-12-05T00:00:00Z,182.4,192.7,180.58,187.74,24480558,0,1,182.4,192.7,180.58,187.74,24480558,NVDA,-0.00803128
2017-12-04T00:00:00Z,200.05,200.3,184.5,186.66,27080405,0,1,200.05,200.3,184.5,186.66,27080405,NVDA,-0.005752637
2017-12-01T00:00:00Z,199.31,200.13,192.47,197.68,16352946,0,1,199.31,200.13,192.47,197.68,16352946,NVDA,0.059037823
2017-11-30T00:00:00Z,199.2,202.68,196.65,200.71,20144301,0,1,199.2,202.68,196.65,200.71,20144301,NVDA,0.015327803
2017-11-29T00:00:00Z,210.01,210.1226,191.23,196.42,34731979,0,1,210.01,210.1226,191.23,196.42,34731979,NVDA,-0.021374122
2017-11-28T00:00:00Z,214.35,214.73,208.24,210.71,12677148,0,1,214.35,214.73,208.24,210.71,12677148,NVDA,0.072752266
2017-11-27T00:00:00Z,217.31,217.36,214.01,214.14,10477983,0,1,217.31,217.36,214.01,214.14,10477983,NVDA,0.016278297
2017-11-24T00:00:00Z,215.59,217,214.6,216.96,4517982,0,1,215.59,217,214.6,216.96,4517982,NVDA,0.013168955
2017-11-22T00:00:00Z,217,217,213.61,214.93,8766814,0,1,217,217,213.61,214.93,8766814,NVDA,-0.009356563
2017-11-21T00:00:00Z,215.69,216.52,214.4,216.05,9858634,0,1,215.69,216.52,214.4,216.05,9858634,NVDA,0.005210999
2017-11-20T00:00:00Z,211.99,214.57,210.5,214.08,9828414,0,1,211.99,214.57,210.5,214.08,9828414,NVDA,-0.00911826
2017-11-17T00:00:00Z,213.92,215.35,210.75,211.36,12702474,0,1,213.92,215.35,210.75,211.36,12702474,NVDA,-0.012705531
2017-11-16T00:00:00Z,212.98,214.2,211.25,211.61,9947915,0,1,212.98,214.2,211.25,211.61,9947915,NVDA,0.001182816
2017-11-15T00:00:00Z,211.95,212,207.8,209.98,12427082,0,1,211.95,212,207.8,209.98,12427082,NVDA,-0.00770285
2017-11-14T00:00:00Z,213,214.8,211.23,214.18,13101484,0,1,213,214.8,211.23,214.18,13101484,NVDA,0.020001905
2017-11-13T00:00:00Z,216.14,217.17,212.01,212.63,14398431,0,1,216.14,217.17,212.01,212.63,14398431,NVDA,-0.007236904
2017-11-10T00:00:00Z,213.08,218.67,211.63,216.14,31197127,0,1,213.08,218.67,211.63,216.14,31197127,NVDA,0.016507548
2017-11-09T00:00:00Z,205.27,206.33,200.37,205.32,20123846,0,1,205.27,206.33,200.37,205.32,20123846,NVDA,-0.050060146
2017-11-07T00:00:00Z,210.55,212.9,210.0556,212.03,10580672,0,1,210.55,212.9,210.0556,212.03,10580672,NVDA,0.032680694
2017-11-06T00:00:00Z,207.2,209.98,206.7,209.63,9693716,0,1,207.2,209.98,206.7,209.63,9693716,NVDA,-0.011319153
2017-11-03T00:00:00Z,207.2,208.69,205.341,208.69,8777981,0,1,207.2,208.69,205.341,208.69,8777981,NVDA,-0.004484091
2017-11-02T00:00:00Z,206,207.81,203.65,205.94,8480413,0,1,206,207.81,203.65,205.94,8480413,NVDA,-0.01317744
2017-11-01T00:00:00Z,209.35,209.97,204.6,207.2,12385654,0,1,209.35,209.97,204.6,207.2,12385654,NVDA,0.006118287
2017-10-31T00:00:00Z,205.13,207.89,204.9,206.81,10179802,0,1,205.13,207.89,204.9,206.81,10179802,NVDA,-0.001882239
